"","wordcloud_bigram_te$ngrams","cat_sent_te","wordcloud_bigram_te$freq"
"1","customer service ","Neutral",10
"2","motorola razr ","Neutral",5
"3","came back ","Neutral",5
"4","customer services ","Neutral",5
"5","call back ","Neutral",4
"6","mobile phone ","Neutral",4
"7","offer compensation ","Positive",4
"8","phone shop ","Neutral",4
"9","leave without ","Negative",3
"10","best customer ","Positive",3
"11","service weeks ","Neutral",3
"12","weeks ago ","Neutral",3
"13","go another ","Neutral",3
"14","early cancellation ","Neutral",3
"15","days later ","Neutral",3
"16","month contract ","Neutral",3
"17","emergency contact ","Negative",2
"18","called free ","Positive",2
"19","fine £ ","Positive",2
"20","phone working ","Positive",2
"21","pay go ","Negative",2
"22","asked speak ","Neutral",2
"23","never problems ","Negative",2
"24","service message ","Neutral",2
"25","network connection ","Neutral",2
"26","call help ","Neutral",2
"27","one month ","Neutral",2
"28","pac number ","Neutral",2
"29","switched language ","Neutral",2
"30","better service ","Positive",2
"31","gone limit ","Negative",2
"32","sim card ","Neutral",2
"33","always helpful ","Positive",2
"34","blah blah ","Negative",2
"35","getting service ","Neutral",2
"36","customer support ","Positive",2
"37","months payment ","Negative",2
"38","fix problem ","Negative",2
"39","unlock handset ","Neutral",2
"40","attitude towards ","Neutral",2
"41","contact device ","Positive",2
"42","monthly fee ","Negative",2
"43","cancellation fees ","Neutral",2
"44","free texts ","Positive",2
"45","phone emergency ","Negative",2
"46","language chinese ","Neutral",2
"47","bank account ","Neutral",2
"48","disabled pensioner ","Negative",2
"49","waste time ","Negative",2
"50","years ago ","Neutral",2
"51","th september ","Neutral",2
"52","using phone ","Neutral",2
"53","shop helston ","Neutral",2
"54","jiggy bag ","Neutral",2
"55","pin number ","Neutral",2
"56","think going ","Neutral",2
"57","told manger ","Neutral",2
"58","another company ","Neutral",2
"59","back english ","Neutral",2
"60","texts estate ","Neutral",2
"61","service always ","Neutral",2
"62","iphone se ","Neutral",2
"63","bought sim ","Neutral",2
"64","whole story ","Neutral",2
"65","voided warranty ","Negative",2
"66","estate agents ","Neutral",2
"67","offer think ","Positive",1
"68","compensation denial ","Negative",1
"69","now disabled ","Negative",1
"70","attack average ","Negative",1
"71","later stage ","Neutral",1
"72","time precious ","Positive",1
"73","""absolute garbage ","Negative",1
"74","matter trustpilot ","Neutral",1
"75","plague"", 
""hate ","Negative",1
"76","gigs total ","Neutral",1
"77","conditions notice ","Neutral",1
"78","much home ","Neutral",1
"79","make reasonable ","Positive",1
"80","annoying mobile ","Negative",1
"81","told weeks ","Neutral",1
"82","taken step"", ","Neutral",1
"83","might one ","Neutral",1
"84","might stuck ","Negative",1
"85","wanted leave ","Negative",1
"86","new set ","Positive",1
"87","car break ","Negative",1
"88","never put ","Neutral",1
"89","settings convinced ","Positive",1
"90","verbally cancelling ","Negative",1
"91","using mobile ","Neutral",1
"92","staff public ","Neutral",1
"93","country might ","Neutral",1
"94","please never ","Positive",1
"95","escalated ombudsman ","Neutral",1
"96","spent hours ","Negative",1
"97","also told ","Neutral",1
"98","unlocked spending ","Neutral",1
"99","companies mins ","Neutral",1
"100","please point ","Positive",1
"101","problem call ","Negative",1
"102","zero stars ","Neutral",1
"103","two months ","Neutral",1
"104","possibly longer ","Neutral",1
"105","contact week ","Positive",1
"106","comes phone ","Neutral",1
"107","years shown ","Neutral",1
"108","food nonbrand ","Positive",1
"109","email s ","Neutral",1
"110","connection spoke ","Neutral",1
"111","see feeling ","Positive",1
"112","found problem ","Negative",1
"113","miles away ","Neutral",1
"114","help behaviour"", ","Neutral",1
"115","never read"", ","Neutral",1
"116","provider went ","Neutral",1
"117","importance able ","Positive",1
"118","wanted give ","Neutral",1
"119","valid code ","Neutral",1
"120","come end ","Neutral",1
"121","price minutes ","Neutral",1
"122","identity theft ","Negative",1
"123","seem data ","Neutral",1
"124","agent refused ","Negative",1
"125","contact facebroke ","Positive",1
"126","vary bang ","Neutral",1
"127","countstwo days ","Neutral",1
"128","motorola phones ","Neutral",1
"129","great really ","Positive",1
"130","used capped ","Neutral",1
"131","giving one ","Positive",1
"132","socket deliberately ","Neutral",1
"133","happened phone ","Neutral",1
"134","nonexistent using ","Negative",1
"135","points salesperson ","Neutral",1
"136","business model ","Positive",1
"137","expecting take ","Neutral",1
"138","explained go ","Neutral",1
"139","mountain bog"", ","Negative",1
"140","empire like ","Positive",1
"141","help offered ","Neutral",1
"142","supportive mobile ","Positive",1
"143","couple days ","Neutral",1
"144","mobile misleading ","Negative",1
"145","prices good ","Positive",1
"146","th june ","Neutral",1
"147","live uk ","Neutral",1
"148","latter absolute ","Negative",1
"149","main course ","Positive",1
"150","walk nearest ","Neutral",1
"151","matter needs ","Neutral",1
"152","number finished ","Neutral",1
"153","starting think ","Neutral",1
"154","limited range ","Negative",1
"155","put email ","Neutral",1
"156","use mobile ","Neutral",1
"157","promised end ","Positive",1
"158","tjough phone ","Neutral",1
"159","problems signal ","Negative",1
"160","got phone"", ","Neutral",1
"161","service years ","Neutral",1
"162","maybe bit ","Neutral",1
"163","trying blame ","Negative",1
"164","mobile appalling ","Negative",1
"165","months contract ","Neutral",1
"166","£ early ","Neutral",1
"167","keel field ","Neutral",1
"168","company clear ","Positive",1
"169","ago fourteen ","Neutral",1
"170","decide told ","Neutral",1
"171","signal great ","Positive",1
"172","review since ","Neutral",1
"173","use lot ","Neutral",1
"174","
""visit obtain ","Positive",1
"175","gutted even ","Neutral",1
"176","within hour ","Neutral",1
"177","wearuse waited ","Neutral",1
"178","mobile making ","Neutral",1
"179","portal keep ","Neutral",1
"180","like ones ","Positive",1
"181","told clear ","Positive",1
"182","wait car ","Negative",1
"183","keep holding ","Neutral",1
"184","buck trend ","Positive",1
"185","told speak ","Neutral",1
"186","nothing offer ","Positive",1
"187","switch phone ","Neutral",1
"188","deliberately found ","Positive",1
"189","find mobile ","Neutral",1
"190","deal minutes ","Positive",1
"191","service wife ","Neutral",1
"192","g previous ","Neutral",1
"193","nonservice considering ","Neutral",1
"194","find agreement ","Positive",1
"195","human"", ""absolute ","Negative",1
"196","online customer ","Neutral",1
"197","desk never ","Neutral",1
"198","switch different ","Neutral",1
"199","mobile therefore ","Neutral",1
"200","honour side ","Neutral",1
"201","said particular ","Neutral",1
"202","agents using ","Neutral",1
"203","contract come ","Neutral",1
"204","mobiles"", 
""good ","Positive",1
"205","text call ","Neutral",1
"206","course speak ","Neutral",1
"207","since found ","Positive",1
"208","
""hate buck ","Negative",1
"209","problems needs ","Negative",1
"210","badly let ","Negative",1
"211","mobile prices ","Neutral",1
"212","fix warranty ","Positive",1
"213","o downside ","Negative",1
"214","three network ","Neutral",1
"215","often bad ","Negative",1
"216","provide advice ","Positive",1
"217","quality gladly ","Positive",1
"218","service quick ","Neutral",1
"219","chinese denied ","Negative",1
"220","access account ","Neutral",1
"221","said hold ","Neutral",1
"222","much compensation ","Neutral",1
"223","emergency registered ","Negative",1
"224","make phone ","Neutral",1
"225","days ago ","Neutral",1
"226","serious mobility ","Neutral",1
"227","one agents ","Neutral",1
"228","basically pay ","Negative",1
"229","appear screen ","Neutral",1
"230","st october ","Neutral",1
"231","although wish ","Positive",1
"232","review systems ","Neutral",1
"233","keeping line ","Neutral",1
"234","£ gutted ","Neutral",1
"235","supported view ","Positive",1
"236","back still ","Neutral",1
"237","chap called ","Neutral",1
"238","want treated ","Neutral",1
"239","phone service ","Neutral",1
"240","s paying ","Neutral",1
"241","listened story ","Neutral",1
"242","""short far ","Neutral",1
"243","used say ","Neutral",1
"244","customer satisfaction ","Neutral",1
"245","bought turned ","Neutral",1
"246","reasoning felt ","Neutral",1
"247","wish companies ","Positive",1
"248","signal travel ","Neutral",1
"249","heart attack ","Negative",1
"250","sent repair ","Neutral",1
"251","systems ensure ","Positive",1
"252","network team ","Neutral",1
"253","agreement ticked ","Positive",1
"254","area phone ","Neutral",1
"255","luckily someone ","Positive",1
"256","minute comes ","Neutral",1
"257","shop customers ","Neutral",1
"258","untenable situation ","Negative",1
"259","unless thinking ","Neutral",1
"260","razr also ","Neutral",1
"261","received now ","Positive",1
"262","extent service ","Neutral",1
"263","working switched ","Positive",1
"264","brings personal ","Neutral",1
"265","uses o ","Neutral",1
"266","card assured ","Positive",1
"267","razr even ","Neutral",1
"268","problems work ","Negative",1
"269","know cambridge ","Neutral",1
"270","companies agreed ","Positive",1
"271","two days ","Neutral",1
"272","review see ","Neutral",1
"273","capped limit ","Negative",1
"274","thereafter told ","Neutral",1
"275","customers manifestation ","Neutral",1
"276","nearby call ","Neutral",1
"277","connection e ","Neutral",1
"278","london g ","Neutral",1
"279","data allowance ","Neutral",1
"280","mainly use ","Neutral",1
"281","illegal practice ","Negative",1
"282","reception often ","Neutral",1
"283","faulty later ","Negative",1
"284","reliable decent ","Positive",1
"285","use send ","Neutral",1
"286","""earlier comments ","Neutral",1
"287","imagine buy ","Neutral",1
"288","september realised ","Neutral",1
"289","remote back ","Neutral",1
"290","c(""already reviewed ","Neutral",1
"291","disorder dangerously ","Negative",1
"292","noted also ","Positive",1
"293","manager also ","Neutral",1
"294","broke little ","Negative",1
"295","standard however ","Neutral",1
"296","still one ","Neutral",1
"297","house explained ","Neutral",1
"298","boycott aldi ","Negative",1
"299","£ lot ","Neutral",1
"300","works network ","Positive",1
"301","text telling ","Neutral",1
"302","arrange viewing ","Neutral",1
"303","behaviour"", 
""visit ","Positive",1
"304","towards customers ","Neutral",1
"305","operations remain ","Neutral",1
"306","wasting fuel ","Negative",1
"307","renege terms ","Neutral",1
"308","like scum ","Neutral",1
"309","months now ","Neutral",1
"310","treat shoplifters ","Neutral",1
"311","phone signal ","Neutral",1
"312","longer expected ","Neutral",1
"313","separate entity ","Positive",1
"314","transfer contacts ","Neutral",1
"315","trend always ","Positive",1
"316","longer explained ","Neutral",1
"317","details order ","Neutral",1
"318","support rude"", ","Neutral",1
"319","account months ","Neutral",1
"320","calls texts ","Neutral",1
"321","lot money ","Positive",1
"322","interested"", ""bought ","Positive",1
"323","customers identity ","Neutral",1
"324","payment owed ","Negative",1
"325","easier need ","Positive",1
"326","ombudsman experience ","Neutral",1
"327","meanness towards ","Negative",1
"328","last friday ","Neutral",1
"329","nearing limit ","Negative",1
"330","se longer ","Neutral",1
"331","long told ","Neutral",1
"332","recounted stuff ","Neutral",1
"333","towards vouchers ","Neutral",1
"334","service still ","Neutral",1
"335","phones bought ","Neutral",1
"336","credit sons ","Positive",1
"337","experience matter ","Neutral",1
"338","told several ","Neutral",1
"339","also importance ","Positive",1
"340","someone came ","Neutral",1
"341","imbecile brings ","Negative",1
"342","flawless service"", ","Positive",1
"343","phone please ","Positive",1
"344","says david ","Neutral",1
"345","service experience ","Neutral",1
"346","compensation reasoning ","Neutral",1
"347","guys sadly ","Negative",1
"348","page put ","Neutral",1
"349","postedfinally last ","Neutral",1
"350","without expected ","Neutral",1
"351","britain mobile ","Neutral",1
"352","awards uswitch ","Positive",1
"353","pay wanted ","Negative",1
"354","runs month ","Neutral",1
"355","well now ","Positive",1
"356","fixed go ","Neutral",1
"357","ago two ","Neutral",1
"358","offered programed ","Neutral",1
"359","gave managers ","Neutral",1
"360","""great signal ","Positive",1
"361","change within ","Neutral",1
"362","back warranty ","Positive",1
"363","decided contact ","Positive",1
"364","
""decided monthly ","Neutral",1
"365","limit indication ","Negative",1
"366","fee back ","Negative",1
"367","rely mobile ","Neutral",1
"368","current manager ","Neutral",1
"369","asked please ","Positive",1
"370","basically nonexistent ","Negative",1
"371","via phone ","Neutral",1
"372","three days ","Neutral",1
"373","reps never ","Neutral",1
"374","end day ","Neutral",1
"375","poor knowledge ","Positive",1
"376","blah connecting ","Negative",1
"377","insisted wanted ","Neutral",1
"378","awarded £ ","Positive",1
"379","service"", 
""using ","Neutral",1
"380","minutes called ","Neutral",1
"381","expected better ","Positive",1
"382","course trying ","Neutral",1
"383","service screen ","Neutral",1
"384","go communications ","Neutral",1
"385","spot generally ","Neutral",1
"386","attend anger ","Negative",1
"387","netwrok effectively ","Positive",1
"388","repairing even ","Neutral",1
"389","must pay ","Negative",1
"390","bought damn ","Negative",1
"391","surprise call ","Positive",1
"392","abdul listened ","Neutral",1
"393","new one ","Positive",1
"394","getting sim ","Neutral",1
"395","months charge ","Neutral",1
"396","dollar well ","Positive",1
"397","ago iphone ","Neutral",1
"398","recipe invoice ","Neutral",1
"399","managers position ","Neutral",1
"400","disfunctional main ","Positive",1
"401","nearly weeks ","Neutral",1
"402","able change ","Neutral",1
"403","put agents ","Neutral",1
"404","village miles ","Neutral",1
"405","disgusting sly ","Negative",1
"406","came along ","Neutral",1
"407","getting network ","Neutral",1
"408","settings updated ","Neutral",1
"409","insist right ","Positive",1
"410","possible give ","Neutral",1
"411","problem time ","Negative",1
"412","month later ","Neutral",1
"413","days days ","Neutral",1
"414","handset one ","Neutral",1
"415","two payments ","Neutral",1
"416","go back ","Neutral",1
"417","signed states ","Neutral",1
"418","order make ","Neutral",1
"419","day nd ","Neutral",1
"420","main business ","Positive",1
"421","points writing ","Neutral",1
"422","phone much ","Neutral",1
"423","unused part ","Neutral",1
"424","one since ","Neutral",1
"425","give mobile ","Neutral",1
"426","ensure protect ","Positive",1
"427","protect customers ","Positive",1
"428","speak weeks ","Neutral",1
"429","updated settings ","Neutral",1
"430","worse g ","Negative",1
"431","equipment obtain ","Neutral",1
"432","dropped sink ","Negative",1
"433","pay new ","Positive",1
"434","problem monthly ","Negative",1
"435","thought right ","Positive",1
"436","services emergency ","Negative",1
"437","use electronic ","Neutral",1
"438","absolute scam ","Negative",1
"439","internet hopeless ","Negative",1
"440","""never issues ","Neutral",1
"441","still got ","Neutral",1
"442","manager s ","Neutral",1
"443","bad day ","Negative",1
"444","directly every ","Neutral",1
"445","voicemail s ","Neutral",1
"446","ago started ","Neutral",1
"447","shown various ","Neutral",1
"448","website anticonsumer ","Neutral",1
"449","useless th ","Negative",1
"450","service legend ","Neutral",1
"451","credit card ","Positive",1
"452","service receive ","Neutral",1
"453","piggy back ","Neutral",1
"454","part empire ","Neutral",1
"455","month wether ","Neutral",1
"456","codes none ","Neutral",1
"457","data still ","Neutral",1
"458","phone trying ","Neutral",1
"459","rate £ ","Neutral",1
"460","good phone ","Positive",1
"461","quick efficient ","Positive",1
"462","capable listening ","Positive",1
"463","thought outrageous ","Negative",1
"464","sadly terminate ","Negative",1
"465","thing happened ","Neutral",1
"466","days absolutely ","Neutral",1
"467","well"", ""otherwise ","Positive",1
"468","explained points ","Neutral",1
"469","make effort ","Neutral",1
"470","also use ","Neutral",1
"471","nothing heard ","Neutral",1
"472","home main ","Positive",1
"473","value plan ","Neutral",1
"474","ombudsman found ","Positive",1
"475","couple questions ","Neutral",1
"476","revenge way ","Negative",1
"477","look others ","Neutral",1
"478","part months ","Neutral",1
"479","previous supplier ","Neutral",1
"480","situation remedied ","Neutral",1
"481","manifestation severe ","Negative",1
"482","spoke manager ","Neutral",1
"483","home mainly ","Neutral",1
"484","return ordered ","Neutral",1
"485","standards providing ","Positive",1
"486","trying understand ","Neutral",1
"487","deal guided ","Positive",1
"488","service happier ","Positive",1
"489","aware one ","Neutral",1
"490","constantly started ","Neutral",1
"491","ask manager ","Neutral",1
"492","surrealistic since ","Neutral",1
"493","ask tell ","Neutral",1
"494","hold cancellation ","Neutral",1
"495","month sent ","Neutral",1
"496","bog"", 
""mob ","Negative",1
"497","reviewed mobile ","Neutral",1
"498","garbled voicemail ","Neutral",1
"499","say call ","Neutral",1
"500","access bank ","Neutral",1
"501","back lane ","Neutral",1
"502","help came ","Neutral",1
"503","promised put ","Positive",1
"504","unlocking codes ","Neutral",1
"505","hopeless even ","Negative",1
"506","coat blanket ","Neutral",1
"507","bang flawless ","Positive",1
"508","later say ","Neutral",1
"509","serious psychological ","Neutral",1
"510","first set ","Neutral",1
"511","though realise ","Neutral",1
"512","mobile shops ","Neutral",1
"513","per mb ","Neutral",1
"514","give businessmoney ","Neutral",1
"515","weeks continue ","Positive",1
"516","compared mobile ","Neutral",1
"517","asked thought ","Neutral",1
"518","told abdul ","Neutral",1
"519","message coming ","Neutral",1
"520","deal ceo ","Positive",1
"521","precious fix ","Positive",1
"522","anywhere near ","Neutral",1
"523","expired resulted ","Negative",1
"524","make calls ","Neutral",1
"525","asked make ","Neutral",1
"526","experiencing even ","Neutral",1
"527","went store ","Neutral",1
"528","signatures three ","Neutral",1
"529","payments received ","Positive",1
"530","booster nearby ","Neutral",1
"531","services recounting ","Neutral",1
"532","trying sell ","Neutral",1
"533","much longer ","Neutral",1
"534","troubles one ","Negative",1
"535","texts voicemail ","Neutral",1
"536","shopping shop ","Positive",1
"537","fees grounds ","Neutral",1
"538","different company ","Neutral",1
"539","point contract ","Neutral",1
"540","grounds believe ","Neutral",1
"541","support page ","Positive",1
"542","compensation allow ","Positive",1
"543","despite broken ","Negative",1
"544","previous contract ","Neutral",1
"545","going regular ","Neutral",1
"546","taking two ","Neutral",1
"547","several customer ","Neutral",1
"548","response imagine ","Neutral",1
"549","story confirmed ","Positive",1
"550","continued taking ","Neutral",1
"551","handed arrogant ","Negative",1
"552","therefore giving ","Positive",1
"553","e stank ","Neutral",1
"554","said computer ","Neutral",1
"555","card want ","Neutral",1
"556","blame contacted ","Negative",1
"557","
""weeks ago ","Neutral",1
"558","sevice wouldnt ","Neutral",1
"559","settings order ","Neutral",1
"560","give man ","Neutral",1
"561","quick neededwhilst ","Neutral",1
"562","towards disabled ","Negative",1
"563","open area ","Neutral",1
"564","long enough ","Negative",1
"565","time motorola ","Neutral",1
"566","requested pac ","Neutral",1
"567","hassle lack ","Negative",1
"568","monday nothing ","Neutral",1
"569","please reconsider ","Positive",1
"570","nonuk resident ","Neutral",1
"571","car middle ","Neutral",1
"572","now another ","Neutral",1
"573","returned repairapparently ","Neutral",1
"574","using tatics ","Neutral",1
"575","help luckily ","Positive",1
"576","contract despite ","Neutral",1
"577","service time ","Neutral",1
"578","cant fault ","Negative",1
"579","access identity ","Neutral",1
"580","another appear ","Neutral",1
"581","later unable ","Negative",1
"582","ways treat ","Neutral",1
"583","understand happened ","Neutral",1
"584","g service ","Neutral",1
"585","away home ","Neutral",1
"586","hour landline ","Neutral",1
"587","imagine surprise ","Positive",1
"588","phone invitation ","Positive",1
"589","magazine supported ","Positive",1
"590","now signed ","Neutral",1
"591","hike mountain ","Neutral",1
"592","refused help ","Negative",1
"593","obtain new ","Positive",1
"594","reconsider paltry ","Negative",1
"595","pick voicemail ","Neutral",1
"596","working left ","Positive",1
"597","put credit ","Positive",1
"598","issues software ","Neutral",1
"599","car give ","Neutral",1
"600","let tescomobile ","Neutral",1
"601","service demanding ","Negative",1
"602","longer offer ","Positive",1
"603","without early ","Neutral",1
"604","allow leave ","Neutral",1
"605","valued £ ","Neutral",1
"606","crap sent ","Negative",1
"607","call us ","Neutral",1
"608","reading kings ","Positive",1
"609","mobile frequently ","Neutral",1
"610","mast stopped ","Negative",1
"611","two phones ","Neutral",1
"612","nearest village ","Neutral",1
"613","asked jiggy ","Neutral",1
"614","need review ","Neutral",1
"615","back manger ","Neutral",1
"616","facebroke twits ","Neutral",1
"617","shop help ","Neutral",1
"618","problem emanating ","Negative",1
"619","problem customers ","Negative",1
"620","business practices ","Neutral",1
"621","fast one ","Neutral",1
"622","minutes ever ","Neutral",1
"623","left wondering ","Neutral",1
"624","thought idea ","Neutral",1
"625","refund monthly ","Positive",1
"626","asked personal ","Neutral",1
"627","back waste ","Negative",1
"628","meantime asked ","Neutral",1
"629","someone come ","Neutral",1
"630","health mental ","Neutral",1
"631","contract mobile ","Neutral",1
"632","actually needed ","Neutral",1
"633","language back ","Neutral",1
"634","way keep ","Neutral",1
"635","since motorola ","Neutral",1
"636","""definitely vile ","Negative",1
"637","january month ","Neutral",1
"638","go shopping ","Positive",1
"639","concise never ","Positive",1
"640","need ask ","Neutral",1
"641","viewings imagine ","Neutral",1
"642","resident similar ","Neutral",1
"643","really show ","Neutral",1
"644","details nonuk ","Neutral",1
"645","information access ","Positive",1
"646","afterwards despite ","Neutral",1
"647","first time ","Neutral",1
"648","assured best ","Positive",1
"649","phone uk ","Neutral",1
"650","services told ","Neutral",1
"651","texts seem ","Neutral",1
"652","also ask ","Neutral",1
"653","currently hung ","Neutral",1
"654","possibleven back ","Neutral",1
"655","information hike ","Positive",1
"656","email bee ","Neutral",1
"657","voicemail last ","Neutral",1
"658","worry refund ","Positive",1
"659","phones top ","Neutral",1
"660","tescomobile rest ","Neutral",1
"661","g great ","Positive",1
"662","wifi hotels ","Neutral",1
"663","despite cancelled ","Negative",1
"664","mobile providers ","Neutral",1
"665","trying use ","Neutral",1
"666","waiting reply ","Neutral",1
"667","weeks later ","Neutral",1
"668","give details ","Neutral",1
"669","
""good customer ","Positive",1
"670","hotels wifi ","Neutral",1
"671","going unless ","Neutral",1
"672","work optimally ","Positive",1
"673","megabyte used ","Neutral",1
"674","lose sale ","Negative",1
"675","actually use ","Neutral",1
"676","top phone ","Neutral",1
"677","near lands ","Neutral",1
"678","invitation go ","Positive",1
"679","lose signal ","Negative",1
"680","lack sevice ","Negative",1
"681","protect renege ","Positive",1
"682","texts free ","Positive",1
"683","something fit ","Positive",1
"684","went weeks ","Neutral",1
"685","bombarded ads ","Neutral",1
"686","payment error ","Negative",1
"687","talk talk ","Positive",1
"688","even tjough ","Neutral",1
"689","inform payment ","Negative",1
"690","october email ","Neutral",1
"691","try untenable ","Negative",1
"692","still pay ","Negative",1
"693","customer experience ","Neutral",1
"694","issues mobile ","Neutral",1
"695","claim deal ","Positive",1
"696","reporting company ","Neutral",1
"697","finished paying ","Neutral",1
"698","use months ","Neutral",1
"699","exceeded mobile ","Positive",1
"700","sly underhanded ","Negative",1
"701","""mobile sold ","Neutral",1
"702","emergency medical ","Negative",1
"703","person might ","Neutral",1
"704","receive texts ","Neutral",1
"705","use network ","Neutral",1
"706","spending quid ","Neutral",1
"707","sign asked ","Neutral",1
"708","programed say"", ","Neutral",1
"709","every megabyte ","Neutral",1
"710","bee received ","Positive",1
"711","web portal ","Neutral",1
"712","severe ethical ","Neutral",1
"713","asked long ","Neutral",1
"714","mobile always ","Neutral",1
"715","treated like ","Positive",1
"716","several years ","Neutral",1
"717","social media ","Neutral",1
"718","never waited ","Neutral",1
"719","seem interested"", ","Positive",1
"720","asked compensation ","Neutral",1
"721","back advised ","Neutral",1
"722","along help ","Neutral",1
"723","problem fixed ","Negative",1
"724","recommend"", 
""pay ","Positive",1
"725","months rental ","Neutral",1
"726","give kevin ","Neutral",1
"727","must contact ","Positive",1
"728","service awards ","Positive",1
"729","phoned say ","Neutral",1
"730","comments reviews ","Neutral",1
"731","shops top ","Neutral",1
"732","october telephoned ","Neutral",1
"733","data limit ","Negative",1
"734","back told ","Neutral",1
"735","purpose"", 
""good ","Positive",1
"736","speak becauce ","Neutral",1
"737","rescued decided ","Positive",1
"738","later came ","Neutral",1
"739","mobile benefit ","Positive",1
"740","fault great ","Neutral",1
"741","agents lose ","Negative",1
"742","part country ","Neutral",1
"743","mobile protect ","Positive",1
"744","ordered jiggy ","Neutral",1
"745","needed call ","Neutral",1
"746","service problems ","Negative",1
"747","problem live ","Negative",1
"748","leave able ","Negative",1
"749","rest empire ","Neutral",1
"750","keep warm ","Positive",1
"751","gave info ","Neutral",1
"752","right leave ","Positive",1
"753","west cornwall ","Neutral",1
"754","companies customer ","Neutral",1
"755","£ even ","Neutral",1
"756","away make ","Neutral",1
"757","much easier ","Positive",1
"758","sons phone ","Neutral",1
"759","uk trying ","Neutral",1
"760","left message ","Neutral",1
"761","one claiming ","Neutral",1
"762","working hours ","Positive",1
"763","conditions preach ","Neutral",1
"764","provide proper ","Positive",1
"765","recounted whole ","Neutral",1
"766","today called ","Neutral",1
"767","week arrange ","Neutral",1
"768","medical service ","Neutral",1
"769","date mobile ","Neutral",1
"770","smiley face ","Neutral",1
"771","charge properly ","Positive",1
"772","went back ","Neutral",1
"773","permission leave ","Positive",1
"774","account point ","Neutral",1
"775","getting texts ","Neutral",1
"776","warm even ","Positive",1
"777","crap go ","Negative",1
"778","mins later ","Neutral",1
"779","excellent pleased ","Positive",1
"780","believe failed ","Negative",1
"781","think high ","Neutral",1
"782","little countstwo ","Neutral",1
"783","spend k ","Neutral",1
"784","ceo talk ","Positive",1
"785","give valid ","Neutral",1
"786","""bought pay ","Negative",1
"787","contract previously ","Neutral",1
"788","stopped working ","Negative",1
"789","warning gone ","Negative",1
"790","service"", ""short ","Neutral",1
"791","shelf life ","Neutral",1
"792","weeks insisted ","Neutral",1
"793","now years ","Neutral",1
"794","warranty expired ","Negative",1
"795","paying fine ","Positive",1
"796","australia expensive ","Negative",1
"797","outstandingtwelve hours ","Neutral",1
"798","tells much ","Neutral",1
"799","contract credit ","Positive",1
"800","better quality ","Positive",1
"801","found latter ","Positive",1
"802","person called ","Neutral",1
"803","writing asked ","Neutral",1
"804","albeit limited ","Negative",1
"805","phone america ","Neutral",1
"806","along rescued ","Positive",1
"807","obtain additional ","Positive",1
"808","side rubbish ","Negative",1
"809","give permission ","Positive",1
"810","completely useless ","Negative",1
"811","think much ","Neutral",1
"812","complete waste ","Negative",1
"813","realised getting ","Neutral",1
"814","access netwrok ","Neutral",1
"815","publicise truth ","Positive",1
"816","s customers ","Neutral",1
"817","non phones ","Neutral",1
"818","underhanded business ","Neutral",1
"819","know every ","Neutral",1
"820","gps even ","Neutral",1
"821","limit inform ","Negative",1
"822","pc internet ","Neutral",1
"823","supplier known ","Neutral",1
"824","new mobile ","Positive",1
"825","unable handle ","Negative",1
"826","unable use ","Negative",1
"827","medical services ","Neutral",1
"828","fourteen days ","Neutral",1
"829","device contact ","Positive",1
"830","offer came ","Positive",1
"831","travel mile ","Neutral",1
"832","something booster ","Neutral",1
"833","number also ","Neutral",1
"834","man anywhere ","Neutral",1
"835","say"", ""definitely ","Neutral",1
"836","one star ","Positive",1
"837","first review ","Neutral",1
"838","cancel contract ","Negative",1
"839","asked getting ","Neutral",1
"840","regulator regarding ","Neutral",1
"841","much motorola ","Neutral",1
"842","tell days ","Neutral",1
"843","paltry offer ","Negative",1
"844","treat us ","Neutral",1
"845","lot time ","Neutral",1
"846","fee told ","Negative",1
"847","use british ","Neutral",1
"848","internet tetherd ","Neutral",1
"849","time energy ","Neutral",1
"850","money never ","Positive",1
"851","reliable asked ","Positive",1
"852","form informed ","Neutral",1
"853","e phone ","Neutral",1
"854","reasonable offer ","Positive",1
"855","turning returned ","Neutral",1
"856","brand new ","Positive",1
"857","fit purpose"", ","Positive",1
"858","number work ","Positive",1
"859","liked guys ","Positive",1
"860","appalling way ","Negative",1
"861","next negative ","Negative",1
"862","registered disabled ","Negative",1
"863","work signal ","Positive",1
"864","order reliable ","Positive",1
"865","even g ","Neutral",1
"866","saw dreaded ","Negative",1
"867","guess absolutely ","Neutral",1
"868","clear several ","Positive",1
"869","stars trust"", ","Positive",1
"870","returning without ","Neutral",1
"871","clear concise ","Positive",1
"872","bit longer ","Neutral",1
"873","suits ground ","Neutral",1
"874","far pleased ","Positive",1
"875","reason rely ","Positive",1
"876","limit gigs ","Negative",1
"877","cancelled agent ","Negative",1
"878","proceeded provide ","Positive",1
"879","noticed phone ","Neutral",1
"880","device car ","Neutral",1
"881","customers called ","Neutral",1
"882","high standard ","Neutral",1
"883","step"", 
""decided ","Neutral",1
"884","cancelling contract ","Negative",1
"885","se january ","Neutral",1
"886","stupidly signed ","Negative",1
"887","businessmoney think ","Neutral",1
"888","warranty told ","Positive",1
"889","hold said ","Neutral",1
"890","english beginning ","Neutral",1
"891","rip put ","Negative",1
"892","heavy data ","Neutral",1
"893","contact phone ","Positive",1
"894","approach years ","Neutral",1
"895","stroke heart ","Negative",1
"896","told actually ","Neutral",1
"897","incapable company ","Negative",1
"898","back mins ","Neutral",1
"899","due first ","Neutral",1
"900","told fix ","Neutral",1
"901","fixed replied ","Neutral",1
"902","team told ","Neutral",1
"903","cornwall odd ","Negative",1
"904","example basically ","Neutral",1
"905","avoided thereafter ","Negative",1
"906","company absolute ","Negative",1
"907","feels like ","Positive",1
"908","way treat ","Neutral",1
"909","complain ombudsman ","Negative",1
"910","talks bully ","Negative",1
"911","check know ","Neutral",1
"912","near customer ","Neutral",1
"913","card open ","Neutral",1
"914","ground im ","Neutral",1
"915","use spent ","Negative",1
"916","dangerously high ","Negative",1
"917","called magazine ","Neutral",1
"918","happy mobile ","Positive",1
"919","made difference ","Neutral",1
"920","something claimed ","Neutral",1
"921","telephoned customer ","Neutral",1
"922","sim phone ","Neutral",1
"923","help"", ""imbociles ","Neutral",1
"924","mobiles free ","Positive",1
"925","unlock pin ","Neutral",1
"926","take mast ","Neutral",1
"927","various ways ","Neutral",1
"928","star rating ","Positive",1
"929","told take ","Neutral",1
"930","remedied th ","Neutral",1
"931","done several ","Neutral",1
"932","company order ","Neutral",1
"933","story made ","Neutral",1
"934","treat customers"", ","Neutral",1
"935","breadline please ","Positive",1
"936","think might ","Neutral",1
"937","model months ","Positive",1
"938","arrange viewings ","Neutral",1
"939","beginning think ","Neutral",1
"940","line hold ","Neutral",1
"941","
""found phone ","Positive",1
"942","sonmust say ","Neutral",1
"943","give zero ","Neutral",1
"944","recently giffgaff ","Neutral",1
"945","helpful smiley ","Positive",1
"946","use"", ""recommended ","Positive",1
"947","problems non ","Negative",1
"948","denial service ","Negative",1
"949","ethical moral ","Positive",1
"950","saying fixed ","Neutral",1
"951","one iota ","Neutral",1
"952","mobile emergency ","Negative",1
"953","really good ","Positive",1
"954","surprised hours ","Neutral",1
"955","service also ","Neutral",1
"956","wifi works ","Positive",1
"957","keep engine ","Neutral",1
"958","drink albeit ","Neutral",1
"959","communications company ","Neutral",1
"960","japanese noticed ","Neutral",1
"961","empire also ","Neutral",1
"962","ended taking ","Neutral",1
"963","unacceptable review ","Negative",1
"964","razr contract ","Neutral",1
"965","signal lived ","Neutral",1
"966","downside roaming ","Negative",1
"967","broken car ","Negative",1
"968","phone claimed ","Neutral",1
"969","likely stroke ","Negative",1
"970","iota spot ","Neutral",1
"971","twits use ","Neutral",1
"972","says never ","Neutral",1
"973","doctor tells ","Neutral",1
"974","say deal ","Positive",1
"975","house seemed ","Neutral",1
"976","far"", ""mobile ","Neutral",1
"977","time believe ","Neutral",1
"978","s adverts ","Neutral",1
"979","running keep ","Neutral",1
"980","compensation denying ","Negative",1
"981","im heavy ","Neutral",1
"982","addition noted ","Positive",1
"983","kind problems ","Neutral",1
"984","usersmashes previous ","Neutral",1
"985","kevin opola ","Neutral",1
"986","""brilliant customer ","Positive",1
"987","landline surprised ","Neutral",1
"988","phones though ","Neutral",1
"989","call contact ","Positive",1
"990","hour starting ","Neutral",1
"991","demanding penalty ","Negative",1
"992","arm time ","Neutral",1
"993","deal fantastic ","Positive",1
"994","phone work ","Positive",1
"995","network hopeless"") ","Negative",1
"996","advised possibleven ","Neutral",1
"997","outrageous went ","Negative",1
"998","designed make ","Neutral",1
"999","ok transfer ","Neutral",1
"1000","phone daily ","Neutral",1
"1001","new number ","Positive",1
"1002","pleased service ","Positive",1
"1003","cancellation told ","Neutral",1
"1004","free well ","Positive",1
"1005","store today ","Neutral",1
"1006","phone runs ","Neutral",1
"1007","contract said ","Neutral",1
"1008","receive kind ","Positive",1
"1009","like separate ","Positive",1
"1010","viewing house ","Neutral",1
"1011","instead pay ","Negative",1
"1012","abdul thought ","Neutral",1
"1013","store well"", ","Positive",1
"1014","care customers ","Positive",1
"1015","meant send ","Neutral",1
"1016","phone selection ","Neutral",1
"1017","mobile provider ","Neutral",1
"1018","taking money ","Positive",1
"1019","three items ","Neutral",1
"1020","ridiculously expensive ","Negative",1
"1021","review mobile ","Neutral",1
"1022","vouchers price ","Neutral",1
"1023","denying access ","Negative",1
"1024","charge unlock ","Neutral",1
"1025","told think ","Neutral",1
"1026","second phone ","Neutral",1
"1027","recounting whole ","Neutral",1
"1028","denied course ","Negative",1
"1029","company tescomobile ","Neutral",1
"1030","listening problem ","Negative",1
"1031","manager serious ","Neutral",1
"1032","give service ","Neutral",1
"1033","absolutely disgraceful ","Negative",1
"1034","notice neighbours ","Neutral",1
"1035","purchase phone ","Positive",1
"1036","called travel ","Neutral",1
"1037","called customer ","Neutral",1
"1038","network never ","Neutral",1
"1039","contract writing ","Neutral",1
"1040","great web ","Positive",1
"1041","friendly designed ","Positive",1
"1042","leastevery little ","Neutral",1
"1043","signed contract ","Neutral",1
"1044","told since ","Neutral",1
"1045","know gone ","Neutral",1
"1046","reply st ","Neutral",1
"1047","hours later ","Neutral",1
"1048","keep track ","Neutral",1
"1049","middle nowhere ","Neutral",1
"1050","mainly due ","Neutral",1
"1051","avoid tescomobile ","Negative",1
"1052","people etcs ","Neutral",1
"1053","area outstandingtwelve ","Neutral",1
"1054","cancellation went ","Neutral",1
"1055","back disorder ","Negative",1
"1056","getting surrealistic ","Neutral",1
"1057","however also ","Neutral",1
"1058","mucking settings ","Neutral",1
"1059","good price ","Positive",1
"1060","meadows easy ","Positive",1
"1061","difference despite ","Neutral",1
"1062","another months ","Neutral",1
"1063","emanating heart ","Neutral",1
"1064","account currently ","Neutral",1
"1065","days got ","Neutral",1
"1066","see incapable ","Negative",1
"1067","time service ","Neutral",1
"1068","matter minute ","Neutral",1
"1069","send four ","Neutral",1
"1070","regarding practice"", ","Positive",1
"1071","mobile primary ","Positive",1
"1072","becomes much ","Neutral",1
"1073","easy sign ","Positive",1
"1074","sale house ","Neutral",1
"1075","last weeks ","Neutral",1
"1076","use phone ","Neutral",1
"1077","compensation refund ","Positive",1
"1078","hours course ","Neutral",1
"1079","""one best ","Positive",1
"1080","say alrady ","Neutral",1
"1081","told bought ","Neutral",1
"1082","complaint told ","Negative",1
"1083","sent pin ","Neutral",1
"1084","bought deal ","Positive",1
"1085","normal use ","Neutral",1
"1086","landline using ","Neutral",1
"1087","mobile device ","Neutral",1
"1088","story young ","Positive",1
"1089","none workedkeep ","Neutral",1
"1090","also issues ","Neutral",1
"1091","mobile bill ","Neutral",1
"1092","away option ","Positive",1
"1093","days three ","Neutral",1
"1094","suffer serious ","Negative",1
"1095","code unlock ","Neutral",1
"1096","app claimed ","Neutral",1
"1097","fees unused ","Neutral",1
"1098","identified ruan ","Neutral",1
"1099","satisfaction delivery ","Positive",1
"1100","wanted nothing ","Neutral",1
"1101","tatics obtain ","Neutral",1
"1102","travel lot ","Neutral",1
"1103","coming display ","Neutral",1
"1104","sold iphone ","Neutral",1
"1105","inconvenience stuck ","Negative",1
"1106","mobile customer ","Neutral",1
"1107","fantastic value ","Positive",1
"1108","assured decent ","Positive",1
"1109","phone call ","Neutral",1
"1110","months warranty ","Positive",1
"1111","new sim ","Positive",1
"1112","little helps"", ","Positive",1
"1113","try help ","Neutral",1
"1114","never kind ","Positive",1
"1115","damn device ","Negative",1
"1116","claimed insurance ","Neutral",1
"1117","send device ","Neutral",1
"1118","texts saying ","Neutral",1
"1119","even bother ","Negative",1
"1120","contact re ","Positive",1
"1121","despite expecting ","Neutral",1
"1122","convinced mucking ","Positive",1
"1123","ticked godawful ","Negative",1
"1124","use help ","Neutral",1
"1125","problem voided ","Negative",1
"1126","ruan thought ","Neutral",1
"1127","shouts talks ","Neutral",1
"1128","high handed ","Neutral",1
"1129","believe biased ","Negative",1
"1130","optimally gave ","Neutral",1
"1131","never mind ","Neutral",1
"1132","ruan s ","Neutral",1
"1133","personal details ","Neutral",1
"1134","items information ","Positive",1
"1135","last week ","Neutral",1
"1136","weeks old ","Neutral",1
"1137","properly sent ","Positive",1
"1138","lane pulled ","Neutral",1
"1139","number switch ","Neutral",1
"1140","kind service ","Positive",1
"1141","manger decide ","Neutral",1
"1142","trouble turning ","Negative",1
"1143","sim service ","Neutral",1
"1144","handle professional ","Positive",1
"1145","service meant ","Neutral",1
"1146","position within ","Neutral",1
"1147","broken contract ","Negative",1
"1148","trust"", 
""found ","Positive",1
"1149","want give ","Neutral",1
"1150","option wait ","Positive",1
"1151","big companies ","Positive",1
"1152","""otherwise boycott ","Negative",1
"1153","end getting ","Neutral",1
"1154","hung words ","Neutral",1
"1155","mental issues ","Neutral",1
"1156","frequently best ","Positive",1
"1157","cancelled contract ","Negative",1
"1158","eu happy ","Positive",1
"1159","s decision ","Neutral",1
"1160","weeks fixed ","Neutral",1
"1161","""mobile months ","Neutral",1
"1162","contract three ","Neutral",1
"1163","within company ","Neutral",1
"1164","microsoft lumia ","Neutral",1
"1165","payment damn ","Negative",1
"1166","mobile expect ","Positive",1
"1167","
""mob pulled ","Negative",1
"1168","amazing course ","Positive",1
"1169","known hassle ","Negative",1
"1170","ones however ","Neutral",1
"1171","thinking getting ","Neutral",1
"1172","services now ","Neutral",1
"1173","signed second ","Neutral",1
"1174","mostly great ","Positive",1
"1175","however problem ","Negative",1
"1176","bag something ","Neutral",1
"1177","advice telephone ","Neutral",1
"1178","weeks fix ","Neutral",1
"1179","resetting language ","Neutral",1
"1180","contract go ","Neutral",1
"1181","sorted still ","Neutral",1
"1182","wrote two ","Neutral",1
"1183","selection good ","Positive",1
"1184","contacted phone ","Neutral",1
"1185","since th ","Neutral",1
"1186","buy car ","Neutral",1
"1187","load crap ","Negative",1
"1188","customers around ","Neutral",1
"1189","noticed seemed ","Neutral",1
"1190","stuff phone ","Neutral",1
"1191","number able ","Neutral",1
"1192","expensive long ","Negative",1
"1193","takes s ","Neutral",1
"1194","appalling customer ","Negative",1
"1195","network price ","Neutral",1
"1196","asked ok ","Neutral",1
"1197","working getting ","Positive",1
"1198","pay contract ","Negative",1
"1199","enough first ","Negative",1
"1200","ever think ","Neutral",1
"1201","seemed bombarded ","Neutral",1
"1202","phone customer ","Neutral",1
"1203","surprise became ","Positive",1
"1204","back ask ","Neutral",1
"1205","connection g ","Neutral",1
"1206","e service ","Neutral",1
"1207","able go ","Neutral",1
"1208","finding simplest ","Positive",1
"1209","primary contact ","Positive",1
"1210","total warning ","Negative",1
"1211","much help"", ","Neutral",1
"1212","allowance important ","Positive",1
"1213","find something ","Neutral",1
"1214","company provide ","Positive",1
"1215","item back ","Neutral",1
"1216","service signed ","Neutral",1
"1217","needs attend ","Neutral",1
"1218","issues wanted ","Neutral",1
"1219","dilemmas sorted ","Neutral",1
"1220","read stupidly ","Negative",1
"1221","service proceeded ","Neutral",1
"1222","phone weeks ","Neutral",1
"1223","states case ","Neutral",1
"1224","right supply ","Positive",1
"1225","service worse ","Negative",1
"1226","writing escalated ","Neutral",1
"1227","email response ","Neutral",1
"1228","resulted continue ","Positive",1
"1229","ever use ","Neutral",1
"1230","scam little ","Negative",1
"1231","identity theft"", ","Negative",1
"1232","atmospheric conditions ","Neutral",1
"1233","now come ","Neutral",1
"1234","sell house ","Neutral",1
"1235","next days ","Neutral",1
"1236","dreaded service ","Negative",1
"1237","high blood ","Neutral",1
"1238","roaming options ","Neutral",1
"1239","circumstances promised ","Positive",1
"1240","best companies ","Positive",1
"1241","appear care ","Positive",1
"1242","legitimately robbed ","Negative",1
"1243","retried ended ","Neutral",1
"1244","explained keep ","Neutral",1
"1245","receiver voided ","Negative",1
"1246","speak days ","Neutral",1
"1247","use landline ","Neutral",1
"1248","public meanness ","Negative",1
"1249","professional way ","Positive",1
"1250","well management ","Positive",1
"1251","bill clear ","Positive",1
"1252","another review ","Neutral",1
"1253","corrosion returning ","Negative",1
"1254","noticed text ","Neutral",1
"1255","retailgeneral side ","Neutral",1
"1256","proper service ","Positive",1
"1257","however feels ","Neutral",1
"1258","need use ","Neutral",1
"1259","pic phone ","Neutral",1
"1260","contacted probably ","Neutral",1
"1261","turned faulty ","Negative",1
"1262","robbed stunned ","Negative",1
"1263","claimed needed ","Neutral",1
"1264","june trouble ","Negative",1
"1265","confirmed local ","Positive",1
"1266","weeks possibly ","Neutral",1
"1267","later nothing ","Neutral",1
"1268","sent pac ","Neutral",1
"1269","long using ","Neutral",1
"1270","continue insist ","Positive",1
"1271","ads switch ","Neutral",1
"1272","used remote ","Neutral",1
"1273","now form ","Neutral",1
"1274","contract reasons ","Neutral",1
"1275","work takes ","Positive",1
"1276","always nonservice ","Neutral",1
"1277","customers treat ","Neutral",1
"1278","value cant ","Neutral",1
"1279","time like ","Positive",1
"1280","ignored emails ","Negative",1
"1281","
""good value ","Positive",1
"1282","months gigs ","Neutral",1
"1283","david walliams ","Neutral",1
"1284","ago motorola ","Neutral",1
"1285","several caches ","Neutral",1
"1286","put points ","Neutral",1
"1287","customer service"", ","Neutral",1
"1288","phone shouts ","Neutral",1
"1289","decent signal ","Positive",1
"1290","time illegal ","Negative",1
"1291","said dirt ","Negative",1
"1292","back within ","Neutral",1
"1293","waiting meantime ","Neutral",1
"1294","tescomobile sent ","Neutral",1
"1295","works good ","Positive",1
"1296","contract never ","Neutral",1
"1297","bombarded s ","Neutral",1
"1298","whether want ","Neutral",1
"1299","internet works ","Positive",1
"1300","mile away ","Neutral",1
"1301","payment phoned ","Negative",1
"1302","charging socket ","Neutral",1
"1303","pensioner health ","Neutral",1
"1304","us like ","Positive",1
"1305","years treacherously ","Negative",1
"1306","absolutely unable ","Negative",1
"1307","set still ","Neutral",1
"1308","still account ","Neutral",1
"1309","account addition ","Neutral",1
"1310","police medical ","Negative",1
"1311","surprise last ","Positive",1
"1312","device mobiles ","Neutral",1
"1313","pleased far"", ","Positive",1
"1314","good wifi ","Positive",1
"1315","holding verbally ","Neutral",1
"1316","worse mobiles"", ","Negative",1
"1317","longer supportive ","Positive",1
"1318","compensation bearing ","Neutral",1
"1319","signal mostly ","Neutral",1
"1320","trading standards ","Neutral",1
"1321","able receive ","Neutral",1
"1322","away next ","Neutral",1
"1323","speak network ","Neutral",1
"1324","sending two ","Neutral",1
"1325","bothered"", ""brilliant ","Positive",1
"1326","warranty although ","Positive",1
"1327","paying something ","Neutral",1
"1328","back fix ","Neutral",1
"1329","services mobile ","Neutral",1
"1330","calling although ","Neutral",1
"1331","""bought gb ","Neutral",1
"1332","expected take ","Neutral",1
"1333","preach told ","Neutral",1
"1334","ruan recounted ","Neutral",1
"1335","always liked ","Positive",1
"1336","cornwall bought ","Neutral",1
"1337","mobile mast ","Neutral",1
"1338","message asked ","Neutral",1
"1339","end agent ","Neutral",1
"1340","fixed garbled ","Neutral",1
"1341","switched noticed ","Neutral",1
"1342","needed check ","Neutral",1
"1343","seemed sympathetic ","Positive",1
"1344","customers may ","Neutral",1
"1345","main reason ","Positive",1
"1346","higher per ","Neutral",1
"1347","happier people ","Positive",1
"1348","decided call ","Neutral",1
"1349","repairapparently corrosion ","Negative",1
"1350","phone g ","Neutral",1
"1351","bother accept ","Positive",1
"1352","claimed use ","Neutral",1
"1353","ago recounted ","Neutral",1
"1354","g gps ","Neutral",1
"1355","much likely ","Neutral",1
"1356","stuck broken ","Negative",1
"1357","much money ","Positive",1
"1358","problem went ","Negative",1
"1359","provided service ","Neutral",1
"1360","care g ","Positive",1
"1361","keys ask ","Neutral",1
"1362","error retried ","Negative",1
"1363","boot avoided ","Negative",1
"1364","left uk ","Neutral",1
"1365","manger call ","Neutral",1
"1366","called inform ","Neutral",1
"1367","phone reception ","Neutral",1
"1368","little used ","Neutral",1
"1369","mobile june ","Neutral",1
"1370","inform charging ","Neutral",1
"1371","guided resetting ","Neutral",1
"1372","go system ","Neutral",1
"1373","agent tried ","Neutral",1
"1374","ask couple ","Neutral",1
"1375","nonbrand drink ","Neutral",1
"1376","might vary ","Neutral",1
"1377","whether give ","Neutral",1
"1378","making decision ","Neutral",1
"1379","area asked ","Neutral",1
"1380","reported weeks ","Neutral",1
"1381","feeling badly ","Negative",1
"1382","bearing mind ","Neutral",1
"1383","one wrote ","Neutral",1
"1384","clear imbecile ","Negative",1
"1385","phone use"", ","Neutral",1
"1386","phone companies ","Neutral",1
"1387","others offer ","Positive",1
"1388","cynicism behind ","Negative",1
"1389","september nearly ","Neutral",1
"1390","dislike cynicism ","Negative",1
"1391","problems fact ","Negative",1
"1392","vile customer ","Negative",1
"1393","decision whether ","Neutral",1
"1394","nd october ","Neutral",1
"1395","call working ","Positive",1
"1396","£ months ","Neutral",1
"1397","come main ","Positive",1
"1398","back compensation ","Neutral",1
"1399","something worse ","Negative",1
"1400","every little ","Neutral",1
"1401","top dollar ","Neutral",1
"1402","s attitude ","Neutral",1
"1403","device asked ","Neutral",1
"1404","even heavy ","Neutral",1
"1405","use great ","Positive",1
"1406","send receive ","Neutral",1
"1407","effort try ","Neutral",1
"1408","longer someone ","Neutral",1
"1409","phone completely ","Positive",1
"1410","back nothing ","Neutral",1
"1411","mast problem ","Negative",1
"1412","anymore see ","Neutral",1
"1413","absolutely amazing ","Positive",1
"1414","mind manager ","Neutral",1
"1415","english easy ","Positive",1
"1416","""recommended swap ","Positive",1
"1417","nothing one ","Neutral",1
"1418","went reading ","Positive",1
"1419","settings switched ","Neutral",1
"1420","back said ","Neutral",1
"1421","compensation deal ","Positive",1
"1422","break ever ","Negative",1
"1423","still phone ","Neutral",1
"1424","spoke chap ","Neutral",1
"1425","said ask ","Neutral",1
"1426","reviews see ","Neutral",1
"1427","contract read ","Neutral",1
"1428","etcs mobile ","Neutral",1
"1429","around asked ","Neutral",1
"1430","great signal"", ","Positive",1
"1431","manager came ","Neutral",1
"1432","different part ","Neutral",1
"1433","wife spend ","Neutral",1
"1434","replied another ","Neutral",1
"1435","great uses ","Positive",1
"1436","behind approach ","Neutral",1
"1437","speak manager ","Neutral",1
"1438","provider well ","Positive",1
"1439","average person ","Neutral",1
"1440","claim problem ","Negative",1
"1441","anywhere away ","Neutral",1
"1442","data usersmashes ","Neutral",1
"1443","weeks september ","Neutral",1
"1444","car wasting ","Negative",1
"1445","yes wrong ","Positive",1
"1446","management help ","Positive",1
"1447","even london ","Neutral",1
"1448","penalty payment ","Negative",1
"1449","say unacceptable ","Negative",1
"1450","kings meadows ","Neutral",1
"1451","hours best ","Positive",1
"1452","total weeks ","Neutral",1
"1453","refused speak ","Negative",1
"1454","fix mobile ","Neutral",1
"1455","reset back ","Neutral",1
"1456","claiming web ","Neutral",1
"1457","pay £ ","Negative",1
"1458","mind inconvenience ","Negative",1
"1459","practice reporting ","Positive",1
"1460","shop another ","Neutral",1
"1461","caches much ","Neutral",1
"1462","home west ","Neutral",1
"1463","software time ","Neutral",1
"1464","take weeks ","Neutral",1
"1465","genuinely disgusting ","Negative",1
"1466","track mobile ","Neutral",1
"1467","leaving circumstances ","Neutral",1
"1468","charged euro ","Neutral",1
"1469","termination contract ","Negative",1
"1470","check phone ","Neutral",1
"1471","things getting ","Neutral",1
"1472","hours day ","Neutral",1
"1473","told publicise ","Neutral",1
"1474","supply service ","Neutral",1
"1475","signal mainly ","Neutral",1
"1476","experience complete ","Neutral",1
"1477","sink something ","Negative",1
"1478","read"", ""earlier ","Neutral",1
"1479","disabled diabetic ","Negative",1
"1480","little britain ","Neutral",1
"1481","even find ","Neutral",1
"1482","call police ","Negative",1
"1483","cough early ","Negative",1
"1484","told worry ","Negative",1
"1485","signed month ","Neutral",1
"1486","accept explained ","Positive",1
"1487","effectively making ","Positive",1
"1488","ago mast ","Neutral",1
"1489","want requested ","Neutral",1
"1490","price reduction ","Neutral",1
"1491","contract lousiest ","Neutral",1
"1492","provide outside ","Positive",1
"1493","mins blah ","Negative",1
"1494","biased favour ","Negative",1
"1495","chinese characters ","Neutral",1
"1496","euro going ","Neutral",1
"1497","one called ","Neutral",1
"1498","contract signed ","Neutral",1
"1499","signal calls ","Neutral",1
"1500","swap mobile ","Neutral",1
"1501","becauce says ","Neutral",1
"1502","additional payments ","Positive",1
"1503","menu date ","Neutral",1
"1504","signal etc"", ","Neutral",1
"1505","following day ","Neutral",1
"1506","went online ","Neutral",1
"1507","us much ","Neutral",1
"1508","show recommend"", ","Positive",1
"1509","workedkeep waiting ","Neutral",1
"1510","opinion whether ","Neutral",1
"1511","g area ","Neutral",1
"1512","web payment ","Negative",1
"1513","point expected ","Neutral",1
"1514","contract end ","Neutral",1
"1515","months said ","Neutral",1
"1516","back great ","Positive",1
"1517","make finding ","Neutral",1
"1518","say little ","Neutral",1
"1519","british anymore ","Neutral",1
"1520","misleading customers ","Negative",1
"1521","wondering gave ","Neutral",1
"1522","g phone ","Neutral",1
"1523","walliams used ","Neutral",1
"1524","customers"", 
""contacted ","Neutral",1
"1525","management well ","Positive",1
"1526","give keys ","Neutral",1
"1527","nowhere unable ","Negative",1
"1528","helps"", 
""weeks ","Positive",1
"1529","words absolutely ","Neutral",1
"1530","time though ","Neutral",1
"1531","providers motorola ","Neutral",1
"1532","almost constantly ","Neutral",1
"1533","call last ","Neutral",1
"1534","company regulator ","Neutral",1
"1535","needed provided ","Neutral",1
"1536","device customer ","Neutral",1
"1537","impossible find ","Negative",1
"1538","monthly account ","Neutral",1
"1539","bad compared ","Negative",1
"1540","telephone told ","Neutral",1
"1541","manager refused ","Negative",1
"1542","field anywhere ","Neutral",1
"1543","cambridgeshire left ","Neutral",1
"1544","seem problems ","Negative",1
"1545","resolve matter ","Positive",1
"1546","g menu ","Neutral",1
"1547","indication nearing ","Neutral",1
"1548","diminished now ","Negative",1
"1549","razr months ","Neutral",1
"1550","help keel ","Neutral",1
"1551","screen annoying ","Negative",1
"1552","heavy coat ","Neutral",1
"1553","informed opinion ","Neutral",1
"1554","stank told ","Neutral",1
"1555","phone"", ""never ","Neutral",1
"1556","uk eu ","Neutral",1
"1557","great mobile ","Positive",1
"1558","mobile internet ","Neutral",1
"1559","us back ","Neutral",1
"1560","back o ","Neutral",1
"1561","months afterwards ","Neutral",1
"1562","cornwall near ","Neutral",1
"1563","buyers arrange ","Neutral",1
"1564","phone th ","Neutral",1
"1565","mobile trying ","Neutral",1
"1566","chinese days ","Neutral",1
"1567","mobile piggy ","Neutral",1
"1568","contacted spoke ","Neutral",1
"1569","course pic ","Neutral",1
"1570","s customer ","Neutral",1
"1571","aldi better ","Positive",1
"1572","generally much ","Neutral",1
"1573","ayear appalling ","Negative",1
"1574","fixed asked ","Neutral",1
"1575","network g ","Neutral",1
"1576","great phone ","Positive",1
"1577","stage much ","Neutral",1
"1578","happens next ","Neutral",1
"1579","young lady ","Positive",1
"1580","owed still ","Neutral",1
"1581","easy chinese ","Positive",1
"1582","said need ","Neutral",1
"1583","helston bought ","Neutral",1
"1584","went away ","Neutral",1
"1585","services try ","Neutral",1
"1586","reduction shelf ","Neutral",1
"1587","please please ","Positive",1
"1588","bill another ","Neutral",1
"1589","opola current ","Neutral",1
"1590","many people ","Neutral",1
"1591","idea e ","Neutral",1
"1592","rental told ","Neutral",1
"1593","decent service ","Positive",1
"1594","line long ","Neutral",1
"1595","one day ","Neutral",1
"1596","done leastevery ","Neutral",1
"1597","benefit doubt ","Neutral",1
"1598","treacherously look ","Negative",1
"1599","although month ","Neutral",1
"1600","explained ruan ","Neutral",1
"1601","pay months ","Negative",1
"1602","even higher ","Neutral",1
"1603","lands end ","Neutral",1
"1604","blanket wearuse ","Neutral",1
"1605","two texts ","Neutral",1
"1606","scum advice ","Negative",1
"1607","good signal ","Positive",1
"1608","phone latest ","Neutral",1
"1609","sent item ","Neutral",1
"1610","later thing ","Neutral",1
"1611","uses"", ""mobile ","Neutral",1
"1612","advice avoid ","Negative",1
"1613","service network ","Neutral",1
"1614","quid know ","Neutral",1
"1615","waited line ","Neutral",1
"1616","anger management ","Negative",1
"1617","software mobile ","Neutral",1
"1618","o network ","Neutral",1
"1619","day surprise ","Positive",1
"1620","without repairing ","Neutral",1
"1621","expected cough ","Negative",1
"1622","electronic equipment ","Neutral",1
"1623","early termination ","Negative",1
"1624","diabetic suffer ","Negative",1
"1625","free charge ","Positive",1
"1626","also needed ","Neutral",1
"1627","
""contacted cancel ","Negative",1
"1628","days new ","Positive",1
"1629","may experiencing ","Neutral",1
"1630","day pc ","Neutral",1
"1631","important couple ","Positive",1
"1632","negative thing ","Negative",1
"1633","anticonsumer friendly ","Positive",1
"1634","doubt since ","Negative",1
"1635","stunned phone ","Negative",1
"1636","now seem ","Neutral",1
"1637","company impossible ","Negative",1
"1638","obtain signatures ","Neutral",1
"1639","th contacted ","Neutral",1
"1640","wouldnt bothered"", ","Negative",1
"1641","uk recently ","Neutral",1
"1642","providing recipe ","Positive",1
"1643","limit exceeded ","Positive",1
"1644","contract phone ","Neutral",1
"1645","ever possible ","Neutral",1
"1646","help said ","Neutral",1
"1647","screen almost ","Neutral",1
"1648","found favour ","Positive",1
"1649","week something ","Neutral",1
"1650","come along ","Neutral",1
"1651","shoplifters staff ","Neutral",1
"1652","engine running ","Neutral",1
"1653","display now ","Neutral",1
"1654","well know ","Positive",1
"1655","like mobile ","Positive",1
"1656","voicemail reported ","Neutral",1
"1657","life reduces ","Neutral",1
"1658","seeing service ","Neutral",1
"1659","outside eu ","Neutral",1
"1660","helston cornwall ","Neutral",1
"1661","warranty load ","Positive",1
"1662","mobile arm ","Neutral",1
"1663","""imbociles customer ","Neutral",1
"1664","expected give ","Neutral",1
"1665","used wanted ","Neutral",1
"1666","order access ","Neutral",1
"1667","started notice ","Neutral",1
"1668","like done ","Positive",1
"1669","practices claim ","Neutral",1
"1670","energy dilemmas ","Neutral",1
"1671","pulled fast ","Neutral",1
"1672","entity subliminally ","Positive",1
"1673","maybe japanese ","Neutral",1
"1674","much care ","Positive",1
"1675","waited hour ","Neutral",1
"1676","old dropped ","Neutral",1
"1677","tescomobile must ","Neutral",1
"1678","mobile saw ","Neutral",1
"1679","lady told ","Neutral",1
"1680","unable call ","Negative",1
"1681","service missus ","Neutral",1
"1682","simplest information ","Positive",1
"1683","due atmospheric ","Neutral",1
"1684","month total ","Neutral",1
"1685","since now ","Neutral",1
"1686","reduces mobile ","Neutral",1
"1687","back following ","Neutral",1
"1688","terminate contract ","Negative",1
"1689","emails wrote ","Neutral",1
"1690","night longer ","Neutral",1
"1691","payments sending ","Neutral",1
"1692","problems connection ","Negative",1
"1693","money now ","Positive",1
"1694","plan suits ","Neutral",1
"1695","little problem ","Negative",1
"1696","theft becomes ","Negative",1
"1697","message call ","Neutral",1
"1698","started check ","Neutral",1
"1699","signed even ","Neutral",1
"1700","considering new ","Positive",1
"1701","payment early ","Negative",1
"1702","rubbish dislike ","Negative",1
"1703","service must ","Neutral",1
"1704","expect give ","Positive",1
"1705","like plague"", ","Neutral",1
"1706","flat rate ","Neutral",1
"1707","go one ","Neutral",1
"1708","failed honour ","Negative",1
"1709","making phone ","Neutral",1
"1710","though actually ","Neutral",1
"1711","lumia yes ","Positive",1
"1712","empire bombarded ","Neutral",1
"1713","gladly go ","Positive",1
"1714","heart empire ","Neutral",1
"1715","experience ever ","Neutral",1
"1716","refund £ ","Positive",1
"1717","much better ","Positive",1
"1718","british provider ","Neutral",1
"1719","characters maybe ","Neutral",1
"1720","became aware ","Neutral",1
"1721","media revenge ","Negative",1
"1722","four unlocking ","Neutral",1
"1723","gb data ","Neutral",1
"1724","delivery phone ","Positive",1
"1725","seems diminished ","Negative",1
"1726","without kind ","Positive",1
"1727","invoice purchase ","Positive",1
"1728","back say ","Neutral",1
"1729","heard went ","Neutral",1
"1730","talk valued ","Positive",1
"1731","notice home ","Neutral",1
"1732","paying handset ","Neutral",1
"1733","garbage companyreported ","Negative",1
"1734","years much ","Neutral",1
"1735","signal"", ""great ","Positive",1
"1736","shameful mobile ","Negative",1
"1737","account directly ","Neutral",1
"1738","now now ","Neutral",1
"1739","decision offer ","Positive",1
"1740","went explained ","Neutral",1
"1741","companyreported trading ","Neutral",1
"1742","practice"", ""mobile ","Positive",1
"1743","sympathetic told ","Positive",1
"1744","take days ","Neutral",1
"1745","mobile legitimately ","Neutral",1
"1746","full extent ","Neutral",1
"1747","another weeks ","Neutral",1
"1748","""mobile charged ","Neutral",1
"1749","pressure doctor ","Negative",1
"1750","expensive example ","Negative",1
"1751","asked much ","Neutral",1
"1752","ever needed ","Neutral",1
"1753","lousiest phone ","Neutral",1
"1754","blood pressure ","Negative",1
"1755","daily surprise ","Positive",1
"1756","""mobile now ","Neutral",1
"1757","compensation thing ","Neutral",1
"1758","help resolve ","Positive",1
"1759","give left ","Neutral",1
"1760","manger identified ","Neutral",1
"1761","trustpilot social ","Neutral",1
"1762","receive monthly ","Neutral",1
"1763","also seems ","Neutral",1
"1764","customers capable ","Positive",1
"1765","realise full ","Neutral",1
"1766","day lose ","Negative",1
"1767","handset see ","Neutral",1
"1768","service reps ","Neutral",1
"1769","range troubles ","Negative",1
"1770","house wales ","Neutral",1
"1771","wrong went ","Negative",1
"1772","restricting back ","Negative",1
"1773","account instead ","Neutral",1
"1774","still waiting ","Neutral",1
"1775","called abdul ","Neutral",1
"1776","traumatic stress ","Negative",1
"1777","needed unlock ","Neutral",1
"1778","hours dealing ","Neutral",1
"1779","godawful website ","Negative",1
"1780","salesperson phone ","Neutral",1
"1781","gave mobile ","Neutral",1
"1782","fact use ","Neutral",1
"1783","contact customer ","Positive",1
"1784","potential buyers ","Neutral",1
"1785","nothing part ","Neutral",1
"1786","k ayear ","Neutral",1
"1787","continue months ","Positive",1
"1788","phone sonmust ","Neutral",1
"1789","£ continued ","Neutral",1
"1790","wrote back ","Neutral",1
"1791","eu basically ","Neutral",1
"1792","uswitch really ","Neutral",1
"1793","without paying ","Neutral",1
"1794","even boot ","Neutral",1
"1795","disgraceful shameful ","Negative",1
"1796","thing however ","Neutral",1
"1797","remain high ","Neutral",1
"1798","later send ","Neutral",1
"1799","later finally ","Positive",1
"1800","trying contact ","Positive",1
"1801","pulled mobile ","Neutral",1
"1802","damn motorola ","Negative",1
"1803","truth matter ","Positive",1
"1804","also suffer ","Negative",1
"1805","arrogant attitude ","Negative",1
"1806","within hours ","Neutral",1
"1807","happened person ","Neutral",1
"1808","re potential ","Neutral",1
"1809","particular model ","Positive",1
"1810","way asked ","Neutral",1
"1811","another month ","Neutral",1
"1812","quality food ","Positive",1
"1813","lived reliable ","Positive",1
"1814","psychological problems ","Negative",1
"1815","adverts telling ","Neutral",1
"1816","stress disorder ","Negative",1
"1817","service quality ","Neutral",1
"1818","deal signed ","Positive",1
"1819","terms conditions ","Neutral",1
"1820","weeks without ","Neutral",1
"1821","help reset ","Neutral",1
"1822","got sim ","Neutral",1
"1823","internet e ","Neutral",1
"1824","subliminally disfunctional ","Neutral",1
"1825","felt fine ","Positive",1
"1826","now claim ","Neutral",1
"1827","missus star ","Positive",1
"1828","last monday ","Neutral",1
"1829","days asked ","Neutral",1
"1830","companies past ","Neutral",1
"1831","people use ","Neutral",1
"1832","questions poor ","Negative",1
"1833","absolute crap ","Negative",1
"1834","odd bad ","Negative",1
"1835","sim deal ","Positive",1
"1836","past never ","Neutral",1
"1837","see things ","Neutral",1
"1838","end asked ","Neutral",1
"1839","suffer post ","Negative",1
"1840","regular thing ","Neutral",1
"1841","latest software ","Neutral",1
"1842","agents seeing ","Neutral",1
"1843","dealing customer ","Neutral",1
"1844","service desk ","Neutral",1
"1845","september car ","Neutral",1
"1846","favour awarded ","Positive",1
"1847","even make ","Neutral",1
"1848","received bill ","Positive",1
"1849","wales gave ","Neutral",1
"1850","price find ","Neutral",1
"1851","phone ever ","Neutral",1
"1852","mobile genuinely ","Positive",1
"1853","told fixed ","Neutral",1
"1854","
""pay go ","Negative",1
"1855","tetherd via ","Neutral",1
"1856","efficient assured ","Positive",1
"1857","contact internet ","Positive",1
"1858","rating give ","Neutral",1
"1859","weeks maybe ","Neutral",1
"1860","agents trying ","Neutral",1
"1861","warranty came ","Positive",1
"1862","problems like ","Neutral",1
"1863","moral problem ","Negative",1
"1864","side contract ","Neutral",1
"1865","tried keeping ","Neutral",1
"1866","probably due ","Neutral",1
"1867","neededwhilst outcome ","Negative",1
"1868","gigs two ","Neutral",1
"1869","theft"", ""one ","Negative",1
"1870","repair charging ","Neutral",1
"1871","keep postedfinally ","Neutral",1
"1872","phone quick ","Neutral",1
"1873","reasons service ","Neutral",1
"1874","use access ","Neutral",1
"1875","mb ridiculously ","Negative",1
"1876","phone used ","Neutral",1
"1877","similar many ","Neutral",1
"1878","system rip ","Negative",1
"1879","star give ","Positive",1
"1880","thing want ","Neutral",1
"1881","ask give ","Neutral",1
"1882","telling us ","Neutral",1
"1883","monthly pay ","Negative",1
"1884","rude"", ""mobile ","Negative",1
"1885","face calling ","Neutral",1
"1886","legend walk ","Neutral",1
"1887","going data ","Neutral",1
"1888","phone useless ","Negative",1
"1889","friday decided ","Neutral",1
"1890","handset return ","Neutral",1
"1891","pay flat ","Negative",1
"1892","needs taken ","Neutral",1
"1893","see happens ","Neutral",1
"1894","told ruan ","Neutral",1
"1895","service excellent ","Positive",1
"1896","mobility restricting ","Negative",1
"1897","connecting human"", ","Neutral",1
"1898","view mobile ","Neutral",1
"1899","june bought ","Neutral",1
"1900","fuel keep ","Neutral",1
"1901","go phone ","Neutral",1
"1902","kind text ","Positive",1
"1903","phone switched ","Neutral",1
"1904","contacts microsoft ","Neutral",1
"1905","told pay ","Negative",1
"1906","previously told ","Neutral",1
"1907","giffgaff british ","Neutral",1
"1908","wanted brand ","Neutral",1
"1909","knowledge appear ","Positive",1
"1910","charging account ","Neutral",1
"1911","days email ","Neutral",1
"1912","thing noticed ","Neutral",1
"1913","model called ","Positive",1
"1914","computer says ","Neutral",1
"1915","work complaint ","Negative",1
"1916","day need ","Neutral",1
"1917","pensioner breadline ","Neutral",1
"1918","outcome different ","Negative",1
"1919","stuck night ","Negative",1
"1920","
""using internet ","Neutral",1
"1921","calls pick ","Neutral",1
"1922","well done ","Positive",1
"1923","something use ","Neutral",1
"1924","course unlocked ","Neutral",1
"1925","money bank ","Positive",1
"1926","cambridge cambridgeshire ","Neutral",1
"1927","dirt receiver ","Negative",1
"1928","manger said ","Neutral",1
"1929","bag guess ","Neutral",1
"1930","lot work ","Positive",1
"1931","mast went ","Neutral",1
"1932","since ignored ","Negative",1
"1933","helpful store ","Positive",1
"1934","insurance expected ","Neutral",1
"1935","£ leaving ","Neutral",1
"1936","info settings ","Neutral",1
"1937","case promised ","Positive",1
"1938","accessed settings ","Neutral",1
"1939","ask manger ","Neutral",1
"1940","telling accessed ","Neutral",1
"1941","neighbours seem ","Neutral",1
"1942","bully give ","Negative",1
"1943","local mobile ","Neutral",1
"1944","now cornwall ","Neutral",1
"1945","options provide ","Positive",1
"1946","limit app ","Negative",1
"1947","alrady cancelled ","Negative",1
"1948","think retailgeneral ","Neutral",1
"1949","disorder also ","Negative",1
"1950","agreed compensation ","Positive",1
"1951","mobile operations ","Neutral",1
"1952","razr years ","Neutral",1
"1953","personal problems ","Negative",1
"1954","wether uses"", ","Neutral",1
"1955","etc"", ""bought ","Neutral",1
"1956","america australia ","Neutral",1
"1957","go complain ","Negative",1
"1958","car broke ","Negative",1
"1959","never ever ","Neutral",1
"1960","useless area ","Negative",1
"1961","finally contacted ","Positive",1
"1962","set mobile ","Neutral",1
"1963","months first ","Neutral",1
"1964","favour big ","Positive",1
"1965","ever normal ","Neutral",1
"1966","never pay ","Negative",1
"1967","post traumatic ","Negative",1
